{
    "scaler_features_center": [
        778.5,
        21.571629445822992,
        33.923190235690235,
        5.419273594909862,
        1.9,
        1126.5,
        1116.0,
        10236.244713459942,
        -267.59581709392194,
        9517.5,
        9517.5,
        9300.0,
        9000.0,
        8600.0,
        9742.5,
        869.7413408594534,
        9855.0,
        1092.0547780347865,
        9926.666666666668,
        1570.3371001021928,
        0.0,
        16734.049494134895,
        0.0,
        2245.0,
        0.2239027661164566,
        6.5,
        2.5,
        2022.0,
        -6.123233995736766e-17,
        -6.123233995736765e-17,
        -6.123233995736766e-17,
        -6.123233995736765e-17
    ],
    "scaler_features_scale": [
        809.2,
        0.6008333333333304,
        0.16101547836370855,
        0.6912098930481276,
        1.3,
        487.25,
        479.5,
        4747.386448944489,
        2507.718708352111,
        5416.75,
        6484.25,
        8871.75,
        9834.25,
        9951.0,
        6090.25,
        1188.823275869883,
        6377.5,
        914.9543927562427,
        6701.249999999999,
        1880.4917727649001,
        1.0,
        17039.240360681786,
        1.0,
        981.25,
        0.05845385631026617,
        5.5,
        1.5,
        2.0,
        1.1830127018922196,
        1.1830127018922196,
        0.5000000000000002,
        0.5000000000000002
    ],
    "scaler_target_min": [
        -0.014164305949008497
    ],
    "scaler_target_scale": [
        4.721435316336166e-05
    ],
    "feature_columns": [
        "curah_hujan",
        "suhu",
        "kelembapan",
        "umur_tanaman",
        "luas_lahan",
        "penyakit",
        "luka_goresan",
        "trend_component",
        "seasonal_component",
        "hasil_panen_kg_lag_1",
        "hasil_panen_kg_lag_2",
        "hasil_panen_kg_lag_3",
        "hasil_panen_kg_lag_6",
        "hasil_panen_kg_lag_12",
        "hasil_panen_kg_rolling_mean_2",
        "hasil_panen_kg_rolling_std_2",
        "hasil_panen_kg_rolling_mean_3",
        "hasil_panen_kg_rolling_std_3",
        "hasil_panen_kg_rolling_mean_6",
        "hasil_panen_kg_rolling_std_6",
        "dosis_pupuk_kg",
        "rainfall_x_temp",
        "fertilizer_density",
        "total_damage",
        "damage_ratio",
        "month",
        "quarter",
        "year",
        "month_sin",
        "month_cos",
        "quarter_sin",
        "quarter_cos"
    ],
    "sequence_length": 12
}